site,year,doy,pdate
722070,1970,61,1970-03-02
722070,1972,61,1972-03-01
722070,1977,61,1977-03-02
722070,1978,75,1978-03-16
722070,1979,61,1979-03-02
722070,1980,64,1980-03-04
722070,1983,61,1983-03-02
722070,1993,63,1993-03-04
722080,1963,66,1963-03-07
722080,1964,65,1964-03-05
722080,1966,61,1966-03-02
722080,1973,63,1973-03-04
722080,1977,64,1977-03-05
722080,1978,79,1978-03-20
722080,1979,63,1979-03-04
722080,1983,64,1983-03-05
722080,1988,61,1988-03-01
722080,1993,65,1993-03-06
722080,2003,61,2003-03-02
722080,2004,64,2004-03-04
722140,1964,63,1964-03-03
722140,1968,69,1968-03-09
722170,1963,69,1963-03-10
722170,1964,69,1964-03-09
722170,1966,71,1966-03-12
722170,1968,78,1968-03-18
722170,1969,80,1969-03-21
722170,1970,61,1970-03-02
722170,1973,63,1973-03-04
722170,1979,63,1979-03-04
722170,1983,62,1983-03-03
722170,1988,62,1988-03-02
722170,1995,61,1995-03-02
722180,1963,70,1963-03-11
722180,1965,61,1965-03-02
722180,1967,67,1967-03-08
722180,1968,78,1968-03-18
722180,1971,65,1971-03-06
722180,1973,65,1973-03-06
722180,1979,64,1979-03-05
722180,1980,70,1980-03-10
722180,1982,65,1982-03-06
722180,1983,64,1983-03-05
722180,1995,65,1995-03-06
722230,1963,63,1963-03-04
722230,2004,61,2004-03-01
722255,1967,65,1967-03-06
722255,1968,77,1968-03-17
722255,1970,63,1970-03-04
722255,1978,75,1978-03-16
722255,1979,63,1979-03-04
722255,1980,65,1980-03-05
722255,1983,62,1983-03-03
722255,1988,61,1988-03-01
722255,1993,69,1993-03-10
722260,1963,69,1963-03-10
722260,1966,63,1966-03-04
722260,1967,63,1967-03-04
722260,1970,63,1970-03-04
722260,1972,61,1972-03-01
722260,1980,64,1980-03-04
722260,1982,64,1982-03-05
722260,1987,64,1987-03-05
722260,1993,67,1993-03-08
722280,1966,71,1966-03-12
722280,1968,78,1968-03-18
722280,1969,82,1969-03-23
722280,1970,66,1970-03-07
722280,1971,65,1971-03-06
722280,1972,69,1972-03-09
722280,1974,61,1974-03-02
722280,1989,64,1989-03-05
722317,1963,61,1963-03-02
722317,1968,70,1968-03-10
722340,1966,63,1966-03-04
722340,1968,73,1968-03-13
722340,1969,74,1969-03-15
722340,1973,62,1973-03-03
722340,1979,66,1979-03-07
722340,1980,65,1980-03-05
722340,1983,64,1983-03-05
722340,1984,64,1984-03-04
722340,1993,65,1993-03-06
722350,1964,68,1964-03-08
722350,1967,65,1967-03-06
722350,1968,76,1968-03-16
722350,1969,76,1969-03-17
722350,1970,62,1970-03-03
722350,1973,62,1973-03-03
722350,1979,65,1979-03-06
722350,1980,65,1980-03-05
722350,1983,63,1983-03-04
722350,1985,62,1985-03-03
722350,1993,64,1993-03-05
722480,1963,64,1963-03-05
722480,1964,69,1964-03-09
722480,1967,64,1967-03-05
722480,1968,75,1968-03-15
722480,1969,78,1969-03-19
722480,1970,61,1970-03-02
722480,1973,62,1973-03-03
722480,1975,61,1975-03-02
722480,1979,62,1979-03-03
722480,1982,64,1982-03-05
722480,1983,62,1983-03-03
722480,1989,63,1989-03-04
722480,1993,65,1993-03-06
722480,2002,67,2002-03-08
722480,2003,68,2003-03-09
722480,2004,65,2004-03-05
722530,1965,61,1965-03-02
722540,1964,65,1964-03-05
722540,1968,69,1968-03-09
722560,1963,62,1963-03-03
722560,1965,70,1965-03-11
722560,1969,71,1969-03-12
722560,1970,62,1970-03-03
722560,1973,65,1973-03-06
722560,1975,68,1975-03-09
722560,1982,62,1982-03-03
722560,1983,62,1983-03-03
722560,1985,61,1985-03-02
722560,1989,70,1989-03-11
722590,1978,80,1978-03-21
722590,1979,71,1979-03-12
722590,1980,65,1980-03-05
722590,1982,68,1982-03-09
722590,1983,62,1983-03-03
722590,1985,62,1985-03-03
722590,1993,67,1993-03-08
722590,1994,61,1994-03-02
722590,2002,66,2002-03-07
722590,2003,70,2003-03-11
722630,1964,66,1964-03-06
722630,1968,70,1968-03-10
722630,1973,63,1973-03-04
722630,1975,65,1975-03-06
722630,1979,63,1979-03-04
722630,1982,61,1982-03-02
722630,1983,61,1983-03-02
722630,1987,63,1987-03-04
722630,1989,67,1989-03-08
722630,1993,62,1993-03-03
722630,1997,64,1997-03-05
722630,1998,62,1998-03-03
722670,1963,70,1963-03-11
722670,1964,84,1964-03-24
722670,1965,87,1965-03-28
722670,1968,87,1968-03-27
722670,1970,69,1970-03-10
722670,1971,71,1971-03-12
722670,1972,63,1972-03-03
722670,1973,78,1973-03-19
722670,1975,78,1975-03-19
722670,1977,69,1977-03-10
722670,1978,81,1978-03-22
722670,1979,72,1979-03-13
722670,1980,68,1980-03-08
722670,1982,63,1982-03-04
722670,1983,72,1983-03-13
722670,1984,73,1984-03-13
722670,1987,75,1987-03-16
722670,1988,70,1988-03-10
722670,1990,65,1990-03-06
722670,1991,63,1991-03-04
722670,1992,64,1992-03-04
722670,1993,75,1993-03-16
722670,1995,64,1995-03-05
722670,1997,73,1997-03-14
722670,1998,84,1998-03-25
723013,1963,70,1963-03-11
723013,1964,68,1964-03-08
723013,1966,63,1966-03-04
723013,1968,79,1968-03-19
723013,1969,82,1969-03-23
723013,1972,68,1972-03-08
723013,1973,65,1973-03-06
723013,1980,76,1980-03-16
723013,1981,64,1981-03-05
723013,1982,62,1982-03-03
723013,1983,67,1983-03-08
723013,1987,74,1987-03-15
723013,1993,69,1993-03-10
723013,1995,70,1995-03-11
723040,1961,65,1961-03-06
723040,1963,72,1963-03-13
723040,1964,70,1964-03-10
723040,1966,78,1966-03-19
723040,1967,70,1967-03-11
723040,1968,87,1968-03-27
723040,1970,85,1970-03-26
723040,1971,62,1971-03-03
723040,1978,86,1978-03-27
723040,1979,82,1979-03-23
723040,1982,71,1982-03-12
723040,1985,67,1985-03-08
723040,1986,70,1986-03-11
723040,1987,89,1987-03-30
723040,1988,69,1988-03-09
723040,1989,62,1989-03-03
723060,1961,64,1961-03-05
723060,1962,83,1962-03-24
723060,1963,78,1963-03-19
723060,1965,86,1965-03-27
723060,1967,70,1967-03-11
723060,1968,82,1968-03-22
723060,1969,95,1969-04-05
723060,1970,95,1970-04-05
723060,1971,75,1971-03-16
723060,1973,72,1973-03-13
723060,1975,82,1975-03-23
723060,1980,85,1980-03-25
723060,1981,72,1981-03-13
723060,1982,72,1982-03-13
723060,1984,76,1984-03-16
723060,1985,71,1985-03-12
723060,1986,73,1986-03-14
723060,1987,86,1987-03-27
723060,1991,63,1991-03-04
723060,1992,67,1992-03-07
723060,1995,76,1995-03-17
723080,1962,92,1962-04-02
723080,1963,84,1963-03-25
723080,1964,85,1964-03-25
723080,1968,89,1968-03-29
723080,1969,97,1969-04-07
723080,1970,99,1970-04-09
723080,1971,72,1971-03-13
723080,1973,75,1973-03-16
723080,1974,65,1974-03-06
723080,1975,82,1975-03-23
723080,1979,90,1979-03-31
723080,1980,94,1980-04-03
723080,1981,88,1981-03-29
723080,1982,89,1982-03-30
723080,1983,79,1983-03-20
723080,1984,81,1984-03-21
723080,1985,74,1985-03-15
723080,1987,93,1987-04-03
723080,1988,84,1988-03-24
723080,1992,71,1992-03-11
723080,1993,92,1993-04-02
723080,1995,79,1995-03-20
723100,1993,76,1993-03-17
723100,1995,67,1995-03-08
723100,1998,63,1998-03-04
723100,2005,66,2005-03-07
723110,1961,62,1961-03-03
723110,1962,67,1962-03-08
723110,1963,76,1963-03-17
723110,1964,77,1964-03-17
723110,1965,76,1965-03-17
723110,1967,71,1967-03-12
723110,1968,81,1968-03-21
723110,1971,73,1971-03-14
723110,1972,74,1972-03-14
723110,1973,68,1973-03-09
723110,1975,66,1975-03-07
723110,1979,72,1979-03-13
723110,1980,75,1980-03-15
723110,1981,62,1981-03-03
723110,1982,65,1982-03-06
723110,1983,65,1983-03-06
723110,1984,64,1984-03-04
723110,1985,67,1985-03-08
723110,1991,61,1991-03-02
723110,1993,84,1993-03-25
723110,1994,63,1994-03-04
723110,1995,72,1995-03-13
723120,1963,78,1963-03-19
723120,1964,78,1964-03-18
723120,1965,82,1965-03-23
723120,1968,81,1968-03-21
723120,1969,92,1969-04-02
723120,1971,77,1971-03-18
723120,1973,73,1973-03-14
723120,1974,65,1974-03-06
723120,1975,80,1975-03-21
723120,1977,72,1977-03-13
723120,1979,78,1979-03-19
723120,1980,81,1980-03-21
723120,1981,72,1981-03-13
723120,1983,72,1983-03-13
723120,1984,76,1984-03-16
723120,1985,68,1985-03-09
723120,1988,80,1988-03-20
723120,1991,68,1991-03-09
723120,1992,64,1992-03-04
723120,1993,89,1993-03-30
723120,1994,68,1994-03-09
723120,1997,62,1997-03-03
723120,1998,85,1998-03-26
723120,1999,74,1999-03-15
723120,2000,64,2000-03-04
723140,1961,65,1961-03-06
723140,1962,79,1962-03-20
723140,1963,78,1963-03-19
723140,1966,78,1966-03-19
723140,1972,78,1972-03-18
723140,1973,72,1973-03-13
723140,1975,79,1975-03-20
723140,1979,78,1979-03-19
723140,1980,81,1980-03-21
723140,1981,72,1981-03-13
723140,1983,68,1983-03-09
723140,1989,69,1989-03-10
723140,1992,63,1992-03-03
723140,1993,83,1993-03-24
723140,1994,66,1994-03-07
723140,1995,75,1995-03-16
723150,1967,85,1967-03-26
723150,1968,92,1968-04-01
723150,1969,99,1969-04-09
723150,1970,92,1970-04-02
723150,1971,92,1971-04-02
723150,1972,94,1972-04-03
723150,1973,75,1973-03-16
723150,1975,88,1975-03-29
723150,1979,82,1979-03-23
723150,1980,89,1980-03-29
723150,1981,90,1981-03-31
723150,1982,80,1982-03-21
723150,1983,96,1983-04-06
723150,1985,88,1985-03-29
723150,1986,84,1986-03-25
723150,1988,88,1988-03-28
723150,1989,78,1989-03-19
723150,1993,102,1993-04-12
723150,1994,83,1994-03-24
723150,1995,81,1995-03-22
723170,1961,66,1961-03-07
723170,1964,86,1964-03-26
723170,1965,92,1965-04-02
723170,1966,81,1966-03-22
723170,1967,71,1967-03-12
723170,1968,82,1968-03-22
723170,1969,95,1969-04-05
723170,1970,90,1970-03-31
723170,1971,87,1971-03-28
723170,1972,81,1972-03-21
723170,1973,75,1973-03-16
723170,1974,67,1974-03-08
723170,1975,82,1975-03-23
723170,1979,87,1979-03-28
723170,1980,85,1980-03-25
723170,1981,85,1981-03-26
723170,1982,78,1982-03-19
723170,1983,79,1983-03-20
723170,1984,80,1984-03-20
723170,1985,73,1985-03-14
723170,1986,79,1986-03-20
723170,1987,89,1987-03-30
723170,1988,84,1988-03-24
723170,1990,66,1990-03-07
723170,1992,68,1992-03-08
723170,1993,92,1993-04-02
723170,1994,79,1994-03-20
723183,1962,89,1962-03-30
723183,1964,101,1964-04-10
723183,1965,88,1965-03-29
723183,1966,81,1966-03-22
723183,1968,91,1968-03-31
723183,1969,101,1969-04-11
723183,1970,90,1970-03-31
723183,1971,92,1971-04-02
723183,1972,98,1972-04-07
723183,1975,88,1975-03-29
723183,1979,88,1979-03-29
723183,1981,91,1981-04-01
723183,1982,80,1982-03-21
723183,1983,80,1983-03-21
723183,1984,88,1984-03-28
723183,1985,88,1985-03-29
723183,1986,85,1986-03-26
723183,1987,89,1987-03-30
723183,1988,85,1988-03-25
723183,1989,76,1989-03-17
723183,1990,71,1990-03-12
723183,1991,82,1991-03-23
723183,1993,100,1993-04-10
723183,1994,83,1994-03-24
723183,1995,80,1995-03-21
723230,1964,75,1964-03-15
723230,1965,75,1965-03-16
723230,1968,81,1968-03-21
723230,1969,94,1969-04-04
723230,1970,79,1970-03-20
723230,1971,70,1971-03-11
723230,1972,73,1972-03-13
723230,1973,68,1973-03-09
723230,1974,65,1974-03-06
723230,1975,80,1975-03-21
723230,1979,78,1979-03-19
723230,1980,82,1980-03-22
723230,1981,70,1981-03-11
723230,1982,72,1982-03-13
723230,1983,67,1983-03-08
723230,1984,75,1984-03-15
723230,1985,70,1985-03-11
723230,1986,65,1986-03-06
723230,1987,76,1987-03-17
723230,1988,77,1988-03-17
723230,1989,71,1989-03-12
723230,1991,66,1991-03-07
723230,1993,85,1993-03-26
723230,1995,73,1995-03-14
723230,1997,61,1997-03-02
723230,1998,82,1998-03-23
723230,1999,64,1999-03-05
723240,1961,64,1961-03-05
723240,1962,71,1962-03-12
723240,1963,78,1963-03-19
723240,1965,84,1965-03-25
723240,1966,80,1966-03-21
723240,1969,93,1969-04-03
723240,1974,67,1974-03-08
723240,1979,78,1979-03-19
723240,1980,87,1980-03-27
723240,1981,77,1981-03-18
723240,1983,72,1983-03-13
723240,1984,78,1984-03-18
723240,1985,71,1985-03-12
723240,1986,69,1986-03-10
723240,1987,81,1987-03-22
723240,1989,71,1989-03-12
723240,1991,71,1991-03-12
723240,1994,67,1994-03-08
723240,1995,76,1995-03-17
723260,1962,84,1962-03-25
723260,1963,79,1963-03-20
723260,1964,95,1964-04-04
723260,1965,84,1965-03-25
723260,1966,76,1966-03-17
723260,1967,72,1967-03-13
723260,1968,89,1968-03-29
723260,1970,87,1970-03-28
723260,1972,88,1972-03-28
723260,1973,70,1973-03-11
723260,1977,71,1977-03-12
723260,1979,79,1979-03-20
723260,1980,87,1980-03-27
723260,1981,86,1981-03-27
723260,1982,75,1982-03-16
723260,1983,74,1983-03-15
723260,1985,79,1985-03-20
723260,1986,72,1986-03-13
723260,1987,85,1987-03-26
723260,1988,81,1988-03-21
723260,1989,72,1989-03-13
723260,1990,64,1990-03-05
723260,1991,79,1991-03-20
723260,1994,77,1994-03-18
723270,1962,84,1962-03-25
723270,1963,78,1963-03-19
723270,1966,76,1966-03-17
723270,1967,71,1967-03-12
723270,1968,89,1968-03-29
723270,1970,91,1970-04-01
723270,1971,86,1971-03-27
723270,1972,76,1972-03-16
723270,1973,70,1973-03-11
723270,1975,81,1975-03-22
723270,1979,80,1979-03-21
723270,1980,89,1980-03-29
723270,1981,77,1981-03-18
723270,1982,76,1982-03-17
723270,1984,78,1984-03-18
723270,1985,75,1985-03-16
723270,1986,69,1986-03-10
723270,1987,79,1987-03-20
723270,1988,83,1988-03-23
723270,1989,74,1989-03-15
723270,1991,72,1991-03-13
723270,1992,66,1992-03-06
723320,1992,63,1992-03-03
723320,1993,81,1993-03-22
723340,1961,63,1961-03-04
723340,1962,68,1962-03-09
723340,1963,75,1963-03-16
723340,1964,76,1964-03-16
723340,1966,75,1966-03-16
723340,1967,71,1967-03-12
723340,1969,91,1969-04-01
723340,1972,72,1972-03-12
723340,1973,70,1973-03-11
723340,1974,62,1974-03-03
723340,1975,79,1975-03-20
723340,1977,68,1977-03-09
723340,1978,87,1978-03-28
723340,1979,77,1979-03-18
723340,1980,77,1980-03-17
723340,1982,72,1982-03-13
723340,1983,65,1983-03-06
723340,1984,65,1984-03-05
723340,1988,73,1988-03-13
723340,1989,74,1989-03-15
723340,1991,62,1991-03-03
723340,1993,81,1993-03-22
723340,1994,65,1994-03-06
723403,1961,62,1961-03-03
723403,1963,75,1963-03-16
723403,1964,74,1964-03-14
723403,1965,81,1965-03-22
723403,1967,70,1967-03-11
723403,1968,86,1968-03-26
723403,1972,70,1972-03-10
723403,1973,69,1973-03-10
723403,1974,62,1974-03-03
723403,1975,81,1975-03-22
723440,1961,64,1961-03-05
723440,1963,78,1963-03-19
723440,1965,91,1965-04-01
723440,1967,70,1967-03-11
723440,1968,79,1968-03-19
723440,1969,92,1969-04-02
723440,1970,82,1970-03-23
723440,1971,73,1971-03-14
723440,1973,72,1973-03-13
723440,1974,63,1974-03-04
723440,1980,80,1980-03-20
723440,1993,88,1993-03-29
723440,1994,73,1994-03-14
723440,1995,73,1995-03-14
723530,1961,66,1961-03-07
723530,1964,89,1964-03-29
723530,1965,93,1965-04-03
723530,1966,77,1966-03-18
723530,1967,70,1967-03-11
723530,1968,86,1968-03-26
723530,1970,84,1970-03-25
723530,1971,78,1971-03-19
723530,1972,72,1972-03-12
723530,1975,91,1975-04-01
723530,1977,69,1977-03-10
723530,1978,87,1978-03-28
723530,1980,80,1980-03-20
723530,1981,66,1981-03-07
723530,1982,74,1982-03-15
723530,1984,75,1984-03-15
723530,1985,78,1985-03-19
723530,1987,72,1987-03-13
723530,1988,81,1988-03-21
723530,1990,67,1990-03-08
723530,1991,61,1991-03-02
723530,1992,62,1992-03-02
723530,1998,85,1998-03-26
723560,1962,80,1962-03-21
723560,1964,84,1964-03-24
723560,1967,71,1967-03-12
723560,1968,87,1968-03-27
723560,1970,87,1970-03-28
723560,1971,76,1971-03-17
723560,1972,72,1972-03-12
723560,1973,77,1973-03-18
723560,1975,91,1975-04-01
723560,1979,84,1979-03-25
723560,1980,79,1980-03-19
723560,1981,69,1981-03-10
723560,1982,72,1982-03-13
723560,1983,73,1983-03-14
723560,1984,74,1984-03-14
723560,1987,72,1987-03-13
723560,1988,82,1988-03-22
723560,1990,68,1990-03-09
723560,1991,63,1991-03-04
723560,1992,62,1992-03-02
723560,1994,75,1994-03-16
723560,1995,73,1995-03-14
723630,1961,73,1961-03-14
723630,1962,67,1962-03-08
723630,1968,87,1968-03-27
723630,1969,94,1969-04-04
723630,1970,96,1970-04-06
723630,1972,72,1972-03-12
723630,1974,66,1974-03-07
723630,1975,86,1975-03-27
723630,1977,76,1977-03-17
723630,1978,88,1978-03-29
723630,1979,88,1979-03-29
723630,1980,87,1980-03-27
723630,1981,82,1981-03-23
723630,1982,75,1982-03-16
723630,1983,93,1983-04-03
723630,1984,86,1984-03-26
723630,1985,84,1985-03-25
723630,1987,86,1987-03-27
723630,1988,84,1988-03-24
723630,1990,73,1990-03-14
723630,1992,73,1992-03-13
723630,1993,88,1993-03-29
723630,1995,72,1995-03-13
723630,1998,88,1998-03-29
723630,1999,67,1999-03-08
723755,1964,137,1964-05-16
723755,1966,117,1966-04-27
723755,1967,136,1967-05-16
723755,1969,135,1969-05-15
723755,1970,133,1970-05-13
723755,1971,107,1971-04-17
723755,1972,107,1972-04-16
723755,1975,136,1975-05-16
723755,1976,124,1976-05-03
723755,1979,134,1979-05-14
723755,1980,138,1980-05-17
723755,1983,144,1983-05-24
723755,1988,118,1988-04-27
724010,1961,66,1961-03-07
724010,1965,99,1965-04-09
724010,1966,82,1966-03-23
724010,1969,98,1969-04-08
724010,1971,88,1971-03-29
724010,1972,82,1972-03-22
724010,1973,74,1973-03-15
724010,1974,67,1974-03-08
724010,1975,84,1975-03-25
724010,1979,88,1979-03-29
724010,1980,81,1980-03-21
724010,1981,86,1981-03-27
724010,1982,84,1982-03-25
724010,1984,88,1984-03-28
724010,1990,68,1990-03-09
724010,1991,66,1991-03-07
724010,1993,92,1993-04-02
724010,1994,83,1994-03-24
724010,1995,79,1995-03-20
724050,1992,100,1992-04-09
724050,1993,106,1993-04-16
724050,1994,97,1994-04-07
724050,1995,93,1995-04-03
724060,1963,94,1963-04-04
724060,1964,106,1964-04-15
724060,1965,114,1965-04-24
724060,1966,113,1966-04-23
724060,1967,98,1967-04-08
724060,1968,95,1968-04-04
724060,1970,115,1970-04-25
724060,1971,103,1971-04-13
724060,1972,106,1972-04-15
724060,1974,95,1974-04-05
724060,1976,73,1976-03-13
724060,1977,88,1977-03-29
724060,1978,101,1978-04-11
724060,1979,91,1979-04-01
724060,1980,102,1980-04-11
724060,1982,107,1982-04-17
724060,1983,111,1983-04-21
724060,1985,89,1985-03-30
724060,1986,91,1986-04-01
724060,1987,100,1987-04-10
724060,1988,93,1988-04-02
724060,1989,94,1989-04-04
724060,1991,87,1991-03-28
724060,1993,110,1993-04-20
724060,1994,102,1994-04-12
724060,1995,94,1995-04-04
724070,1961,114,1961-04-24
724070,1963,103,1963-04-13
724070,1965,121,1965-05-01
724070,1966,121,1966-05-01
724070,1967,105,1967-04-15
724070,1968,103,1968-04-12
724070,1969,108,1969-04-18
724070,1970,121,1970-05-01
724070,1971,119,1971-04-29
724070,1972,123,1972-05-02
724070,1974,101,1974-04-11
724070,1976,98,1976-04-07
724070,1977,102,1977-04-12
724070,1978,115,1978-04-25
724070,1979,109,1979-04-19
724070,1980,112,1980-04-21
724070,1982,107,1982-04-17
724070,1984,118,1984-04-27
724070,1985,95,1985-04-05
724070,1986,99,1986-04-09
724070,1987,109,1987-04-19
724070,1989,108,1989-04-18
724070,1991,97,1991-04-07
724070,1992,114,1992-04-23
724070,1993,116,1993-04-26
724070,1994,106,1994-04-16
724070,1995,110,1995-04-20
724080,1961,114,1961-04-24
724080,1963,107,1963-04-17
724080,1965,121,1965-05-01
724080,1968,101,1968-04-10
724080,1969,107,1969-04-17
724080,1971,110,1971-04-20
724080,1972,112,1972-04-21
724080,1973,106,1973-04-16
724080,1974,103,1974-04-13
724080,1975,115,1975-04-25
724080,1980,106,1980-04-15
724080,1981,95,1981-04-05
724080,1982,111,1982-04-21
724080,1984,120,1984-04-29
724080,1985,97,1985-04-07
724080,1988,96,1988-04-05
724080,1990,76,1990-03-17
724080,1991,96,1991-04-06
724080,1992,112,1992-04-21
724080,1993,110,1993-04-20
724080,1994,103,1994-04-13
724080,1995,99,1995-04-09
724089,1961,115,1961-04-25
724089,1965,121,1965-05-01
724089,1968,101,1968-04-10
724089,1969,108,1969-04-18
724089,1971,110,1971-04-20
724089,1972,111,1972-04-20
724089,1973,93,1973-04-03
724089,1974,103,1974-04-13
724089,1975,116,1975-04-26
724089,1979,111,1979-04-21
724089,1980,106,1980-04-15
724089,1983,102,1983-04-12
724089,1984,119,1984-04-28
724089,1985,89,1985-03-30
724089,1988,97,1988-04-06
724089,1990,75,1990-03-16
724089,1993,111,1993-04-21
724100,1979,90,1979-03-31
724100,1980,95,1980-04-04
724100,1991,82,1991-03-23
724100,1992,88,1992-03-28
724100,1994,85,1994-03-26
724100,1995,80,1995-03-21
724110,1964,99,1964-04-08
724110,1965,99,1965-04-09
724110,1968,87,1968-03-27
724110,1969,99,1969-04-09
724110,1971,91,1971-04-01
724110,1972,97,1972-04-06
724110,1974,68,1974-03-09
724110,1978,93,1978-04-03
724110,1979,90,1979-03-31
724110,1980,95,1980-04-04
724110,1981,92,1981-04-02
724110,1982,92,1982-04-02
724110,1983,97,1983-04-07
724110,1984,92,1984-04-01
724110,1985,80,1985-03-21
724110,1987,100,1987-04-10
724110,1989,87,1989-03-28
724110,1990,70,1990-03-11
724110,1991,82,1991-03-23
724110,1993,104,1993-04-14
724110,1995,80,1995-03-21
724210,1961,87,1961-03-28
724210,1964,104,1964-04-13
724210,1968,94,1968-04-03
724210,1969,104,1969-04-14
724210,1970,110,1970-04-20
724210,1971,103,1971-04-13
724210,1972,105,1972-04-14
724210,1973,84,1973-03-25
724210,1979,90,1979-03-31
724210,1980,113,1980-04-22
724210,1981,94,1981-04-04
724210,1983,96,1983-04-06
724210,1987,104,1987-04-14
724210,1991,91,1991-04-01
724210,1992,98,1992-04-07
724210,1993,110,1993-04-20
724210,1994,103,1994-04-13
724220,1961,80,1961-03-21
724220,1964,98,1964-04-07
724220,1967,85,1967-03-26
724220,1968,91,1968-03-31
724220,1970,107,1970-04-17
724220,1971,102,1971-04-12
724220,1972,104,1972-04-13
724220,1973,73,1973-03-14
724220,1980,101,1980-04-10
724220,1982,84,1982-03-25
724220,1983,85,1983-03-26
724220,1984,102,1984-04-11
724220,1989,88,1989-03-29
724220,1990,71,1990-03-12
724220,1991,85,1991-03-26
724220,1992,79,1992-03-19
724220,1994,95,1994-04-05
724230,1961,84,1961-03-25
724230,1962,102,1962-04-12
724230,1963,88,1963-03-29
724230,1964,97,1964-04-06
724230,1967,84,1967-03-25
724230,1968,91,1968-03-31
724230,1970,103,1970-04-13
724230,1971,99,1971-04-09
724230,1972,97,1972-04-06
724230,1973,73,1973-03-14
724230,1975,98,1975-04-08
724230,1979,89,1979-03-30
724230,1980,103,1980-04-12
724230,1981,89,1981-03-30
724230,1982,88,1982-03-29
724230,1983,78,1983-03-19
724230,1985,86,1985-03-27
724230,1987,92,1987-04-02
724230,1989,87,1989-03-28
724230,1991,82,1991-03-23
724230,1992,67,1992-03-07
724230,1997,80,1997-03-21
724230,1998,87,1998-03-28
724230,1999,92,1999-04-02
724230,2002,87,2002-03-28
724230,2003,84,2003-03-25
724230,2004,86,2004-03-26
724230,2005,95,2005-04-05
724236,1991,82,1991-03-23
724236,1994,83,1994-03-24
724236,1995,76,1995-03-17
724236,1996,85,1996-03-25
724236,1997,73,1997-03-14
724236,1998,88,1998-03-29
724236,1999,93,1999-04-03
724250,1962,99,1962-04-09
724250,1964,97,1964-04-06
724250,1965,96,1965-04-06
724250,1966,82,1966-03-23
724250,1968,91,1968-03-31
724250,1969,100,1969-04-10
724250,1971,91,1971-04-01
724250,1972,97,1972-04-06
724250,1973,73,1973-03-14
724250,1974,68,1974-03-09
724250,1975,93,1975-04-03
724250,1981,91,1981-04-01
724250,1982,90,1982-03-31
724250,1983,74,1983-03-15
724250,1984,94,1984-04-03
724250,1985,88,1985-03-29
724250,1987,98,1987-04-08
724250,1988,89,1988-03-29
724250,1989,87,1989-03-28
724250,1990,70,1990-03-11
724250,1991,82,1991-03-23
724250,1995,79,1995-03-20
724280,1961,105,1961-04-15
724280,1962,117,1962-04-27
724280,1963,97,1963-04-07
724280,1964,108,1964-04-17
724280,1967,96,1967-04-06
724280,1968,95,1968-04-04
724280,1970,114,1970-04-24
724280,1972,109,1972-04-18
724280,1992,103,1992-04-12
724280,1993,114,1993-04-24
724280,1994,105,1994-04-15
724290,1964,108,1964-04-17
724290,1967,97,1967-04-07
724290,1968,101,1968-04-10
724290,1969,107,1969-04-17
724290,1970,114,1970-04-24
724290,1971,107,1971-04-17
724290,1972,108,1972-04-17
724290,1973,88,1973-03-29
724290,1974,101,1974-04-11
724290,1975,118,1975-04-28
724290,1980,121,1980-04-30
724290,1981,98,1981-04-08
724290,1982,112,1982-04-22
724290,1983,113,1983-04-23
724290,1984,120,1984-04-29
724290,1987,108,1987-04-18
724290,1988,97,1988-04-06
724290,1989,107,1989-04-17
724290,1990,89,1990-03-30
724290,1991,97,1991-04-07
724290,1992,102,1992-04-11
724290,1993,115,1993-04-25
724290,1994,108,1994-04-18
724290,1995,102,1995-04-12
724320,1961,74,1961-03-15
724320,1963,89,1963-03-30
724320,1964,94,1964-04-03
724320,1965,99,1965-04-09
724320,1967,85,1967-03-26
724320,1968,91,1968-03-31
724320,1970,106,1970-04-16
724320,1971,100,1971-04-10
724320,1972,97,1972-04-06
724320,1973,74,1973-03-15
724320,1974,67,1974-03-08
724320,1975,105,1975-04-15
724320,1979,92,1979-04-02
724320,1980,110,1980-04-19
724320,1981,89,1981-03-30
724320,1983,77,1983-03-18
724320,1984,103,1984-04-12
724320,1987,92,1987-04-02
724320,1988,90,1988-03-30
724320,1989,88,1989-03-29
724320,1991,84,1991-03-25
724320,1992,77,1992-03-17
724320,1993,101,1993-04-11
724320,1994,83,1994-03-24
724320,1995,77,1995-03-18
724340,1961,104,1961-04-14
724340,1963,89,1963-03-30
724340,1965,99,1965-04-09
724340,1968,90,1968-03-30
724340,1969,100,1969-04-10
724340,1971,99,1971-04-09
724340,1974,68,1974-03-09
724340,1975,108,1975-04-18
724340,1979,102,1979-04-12
724340,1980,108,1980-04-17
724340,1981,87,1981-03-28
724340,1982,92,1982-04-02
724340,1984,106,1984-04-15
724340,1988,93,1988-04-02
724340,1989,91,1989-04-01
724340,1990,72,1990-03-13
724340,1991,82,1991-03-23
724340,1994,82,1994-03-23
724340,1995,77,1995-03-18
724340,1996,84,1996-03-24
724350,1991,79,1991-03-20
724350,1992,67,1992-03-07
724350,1993,90,1993-03-31
724350,1997,77,1997-03-18
724350,1998,87,1998-03-28
724380,1961,114,1961-04-24
724380,1963,97,1963-04-07
724380,1964,108,1964-04-17
724380,1967,92,1967-04-02
724380,1968,99,1968-04-08
724380,1970,113,1970-04-23
724380,1971,108,1971-04-18
724380,1972,105,1972-04-14
724380,1973,90,1973-03-31
724380,1979,105,1979-04-15
724380,1980,115,1980-04-24
724380,1981,98,1981-04-08
724380,1982,107,1982-04-17
724380,1983,111,1983-04-21
724380,1984,119,1984-04-28
724380,1987,108,1987-04-18
724380,1991,96,1991-04-06
724380,1992,100,1992-04-09
724380,1993,114,1993-04-24
724380,1995,97,1995-04-07
724380,1997,102,1997-04-12
724380,1998,91,1998-04-01
724380,2000,83,2000-03-23
724380,2002,104,2002-04-14
724380,2003,93,2003-04-03
724380,2004,99,2004-04-08
724390,1962,115,1962-04-25
724390,1963,93,1963-04-03
724390,1964,108,1964-04-17
724390,1966,109,1966-04-19
724390,1967,92,1967-04-02
724390,1968,100,1968-04-09
724390,1970,113,1970-04-23
724390,1972,104,1972-04-13
724390,1973,106,1973-04-16
724390,1975,114,1975-04-24
724390,1981,91,1981-04-01
724390,1982,109,1982-04-19
724390,1983,113,1983-04-23
724390,1987,102,1987-04-12
724390,1988,99,1988-04-08
724390,1990,91,1990-04-01
724390,1991,94,1991-04-04
724390,1992,100,1992-04-09
724390,1993,114,1993-04-24
724390,1995,85,1995-03-26
724400,1962,96,1962-04-06
724400,1964,94,1964-04-03
724400,1968,92,1968-04-01
724400,1969,100,1969-04-10
724400,1971,93,1971-04-03
724400,1972,81,1972-03-21
724400,1973,87,1973-03-28
724400,1974,67,1974-03-08
724400,1981,87,1981-03-28
724400,1982,77,1982-03-18
724400,1983,75,1983-03-16
724400,1984,101,1984-04-10
724400,1985,86,1985-03-27
724400,1987,80,1987-03-21
724400,1989,88,1989-03-29
724400,1990,72,1990-03-13
724400,1991,81,1991-03-22
724400,1992,68,1992-03-08
724400,1993,102,1993-04-12
724400,1994,79,1994-03-20
724400,1995,77,1995-03-18
724450,1970,107,1970-04-17
724450,1971,100,1971-04-10
724450,1972,97,1972-04-06
724450,1974,85,1974-03-26
724450,1975,111,1975-04-21
724450,1976,71,1976-03-11
724450,1979,102,1979-04-12
724450,1982,91,1982-04-01
724450,1983,103,1983-04-13
724450,1985,92,1985-04-02
724450,1986,88,1986-03-29
724450,1990,74,1990-03-15
724450,1991,84,1991-03-25
724450,1993,111,1993-04-21
724450,1994,83,1994-03-24
724450,1995,79,1995-03-20
724460,1974,88,1974-03-29
724460,1975,111,1975-04-21
724460,1976,80,1976-03-20
724460,1977,86,1977-03-27
724460,1978,97,1978-04-07
724460,1979,106,1979-04-16
724460,1980,111,1980-04-20
724460,1982,101,1982-04-11
724460,1983,112,1983-04-22
724460,1984,118,1984-04-27
724460,1985,94,1985-04-04
724460,1986,88,1986-03-29
724460,1988,93,1988-04-02
724460,1989,92,1989-04-02
724460,1990,81,1990-03-22
724460,1991,84,1991-03-25
724460,1992,77,1992-03-17
724460,1993,114,1993-04-24
724460,1994,82,1994-03-23
724460,1995,78,1995-03-19
724500,1962,88,1962-03-29
724500,1963,87,1963-03-28
724500,1964,94,1964-04-03
724500,1965,97,1965-04-07
724500,1968,89,1968-03-29
724500,1971,98,1971-04-08
724500,1972,80,1972-03-20
724500,1974,86,1974-03-27
724500,1975,106,1975-04-16
724500,1979,100,1979-04-10
724500,1980,107,1980-04-16
724500,1982,89,1982-03-30
724500,1983,108,1983-04-18
724500,1984,104,1984-04-13
724500,1991,78,1991-03-19
724500,1992,68,1992-03-08
724500,1994,77,1994-03-18
724500,1997,85,1997-03-26
724500,1998,95,1998-04-05
724500,2001,97,2001-04-07
724500,2002,90,2002-03-31
724500,2003,90,2003-03-31
724500,2005,90,2005-03-31
724510,1961,94,1961-04-04
724510,1962,93,1962-04-03
724510,1963,85,1963-03-26
724510,1969,103,1969-04-13
724510,1971,98,1971-04-08
724510,1972,76,1972-03-16
724510,1973,114,1973-04-24
724510,1974,77,1974-03-18
724510,1975,106,1975-04-16
724510,1979,104,1979-04-14
724510,1980,108,1980-04-17
724510,1982,90,1982-03-31
724510,1983,106,1983-04-16
724510,1984,109,1984-04-18
724510,1985,94,1985-04-04
724510,1986,81,1986-03-22
724510,1988,87,1988-03-27
724510,1989,86,1989-03-27
724510,1990,91,1990-04-01
724510,1991,78,1991-03-19
724510,1992,75,1992-03-15
724510,1995,79,1995-03-20
724510,1996,84,1996-03-24
724510,1998,100,1998-04-10
724510,2001,99,2001-04-09
724560,1961,109,1961-04-19
724560,1962,108,1962-04-18
724560,1964,102,1964-04-11
724560,1968,90,1968-03-30
724560,1969,103,1969-04-13
724560,1971,101,1971-04-11
724560,1972,82,1972-03-22
724560,1973,107,1973-04-17
724560,1974,88,1974-03-29
724560,1975,108,1975-04-18
724560,1979,106,1979-04-16
724560,1980,109,1980-04-18
724560,1981,86,1981-03-27
724560,1982,94,1982-04-04
724560,1983,102,1983-04-12
724560,1984,115,1984-04-24
724560,1987,86,1987-03-27
724560,1989,89,1989-03-30
724560,1990,85,1990-03-26
724560,1992,74,1992-03-14
724560,1995,79,1995-03-20
724560,1997,89,1997-03-30
724560,1999,90,1999-03-31
724560,2000,75,2000-03-15
724580,1991,83,1991-03-24
724580,1995,81,1995-03-22
724580,1997,91,1997-04-01
724640,1961,103,1961-04-13
724640,1962,97,1962-04-07
724640,1963,88,1963-03-29
724640,1964,110,1964-04-19
724640,1965,104,1965-04-14
724640,1968,102,1968-04-11
724640,1971,90,1971-03-31
724640,1974,84,1974-03-25
724640,1975,96,1975-04-06
724640,1976,83,1976-03-23
724640,1977,84,1977-03-25
724640,1984,103,1984-04-12
724640,1985,93,1985-04-03
724640,1994,83,1994-03-24
724640,1995,76,1995-03-17
724650,1964,115,1964-04-24
724650,1965,108,1965-04-18
724650,1971,101,1971-04-11
724650,1972,78,1972-03-18
724650,1974,97,1974-04-07
724650,1975,112,1975-04-22
724650,1981,100,1981-04-10
724650,1982,101,1982-04-11
724650,1983,114,1983-04-24
724650,1987,107,1987-04-17
724650,1988,99,1988-04-08
724650,1990,109,1990-04-19
724650,1991,87,1991-03-28
724650,1992,95,1992-04-04
724650,1994,94,1994-04-04
724650,1995,81,1995-03-22
724650,1999,95,1999-04-05
724650,2000,96,2000-04-05
724660,1975,115,1975-04-25
724660,1977,113,1977-04-23
724660,1978,101,1978-04-11
724660,1979,111,1979-04-21
724660,1980,119,1980-04-28
724660,1981,102,1981-04-12
724660,1982,104,1982-04-14
724660,1983,128,1983-05-08
724660,1984,131,1984-05-10
724660,1985,108,1985-04-18
724660,1986,88,1986-03-29
724660,1987,113,1987-04-23
724660,1989,96,1989-04-06
724660,1991,101,1991-04-11
724660,1992,103,1992-04-12
724660,1994,107,1994-04-17
724660,1995,96,1995-04-06
725040,1974,119,1974-04-29
725040,1975,133,1975-05-13
725040,1979,120,1979-04-30
725115,1992,113,1992-04-22
725115,1994,109,1994-04-19
725115,1995,109,1995-04-19
725115,2002,104,2002-04-14
725118,1961,116,1961-04-26
725118,1962,115,1962-04-25
725118,1963,102,1963-04-12
725118,1965,120,1965-04-30
725118,1966,114,1966-04-24
725118,1969,108,1969-04-18
725118,1972,112,1972-04-21
725118,1975,124,1975-05-04
725118,1990,81,1990-03-22
725130,1966,133,1966-05-13
725130,1967,113,1967-04-23
725130,1970,121,1970-05-01
725130,1978,132,1978-05-12
725130,1979,117,1979-04-27
725130,1980,118,1980-04-27
725130,1981,99,1981-04-09
725130,1983,122,1983-05-02
725130,1985,109,1985-04-19
725130,1986,110,1986-04-20
725130,1989,121,1989-05-01
725130,1992,123,1992-05-02
725130,1993,117,1993-04-27
725130,1994,115,1994-04-25
725130,1995,117,1995-04-27
725150,1962,121,1962-05-01
725150,1969,123,1969-05-03
725150,1970,124,1970-05-04
725150,1972,136,1972-05-15
725150,1975,135,1975-05-15
725150,1979,128,1979-05-08
725150,1980,127,1980-05-06
725150,1981,113,1981-04-23
725150,1982,126,1982-05-06
725150,1983,131,1983-05-11
725150,1985,112,1985-04-22
725150,1988,131,1988-05-10
725150,1989,138,1989-05-18
725150,1991,118,1991-04-28
725150,1992,133,1992-05-12
725150,1993,125,1993-05-05
725150,1995,134,1995-05-14
725150,1997,138,1997-05-18
725150,2001,123,2001-05-03
725170,1962,116,1962-04-26
725170,1963,110,1963-04-20
725170,1964,118,1964-04-27
725170,1966,131,1966-05-11
725170,1967,120,1967-04-30
725170,1968,107,1968-04-16
725170,1969,111,1969-04-21
725170,1970,122,1970-05-02
725170,1971,126,1971-05-06
725170,1972,122,1972-05-01
725170,1973,111,1973-04-21
725170,1974,110,1974-04-20
725170,1979,113,1979-04-23
725170,1980,113,1980-04-22
725170,1981,99,1981-04-09
725170,1982,117,1982-04-27
725170,1983,119,1983-04-29
725170,1984,122,1984-05-01
725170,1985,105,1985-04-15
725170,1986,105,1986-04-15
725170,1989,111,1989-04-21
725170,1990,93,1990-04-03
725170,1991,99,1991-04-09
725170,1992,121,1992-04-30
725170,1994,110,1994-04-20
725180,1961,131,1961-05-11
725180,1963,125,1963-05-05
725180,1964,124,1964-05-03
725180,1965,130,1965-05-10
725180,1966,139,1966-05-19
725180,1967,139,1967-05-19
725180,1968,108,1968-04-17
725180,1971,137,1971-05-17
725180,1972,134,1972-05-13
725180,1975,133,1975-05-13
725180,1976,109,1976-04-18
725180,1980,124,1980-05-03
725180,1981,102,1981-04-12
725180,1983,124,1983-05-04
725180,1985,113,1985-04-23
725180,1993,120,1993-04-30
725180,1994,121,1994-05-01
725180,1995,124,1995-05-04
725180,1997,128,1997-05-08
725190,1961,132,1961-05-12
725190,1962,119,1962-04-29
725190,1964,123,1964-05-02
725190,1966,139,1966-05-19
725190,1967,124,1967-05-04
725190,1970,121,1970-05-01
725190,1972,137,1972-05-16
725190,1973,112,1973-04-22
725190,1974,119,1974-04-29
725190,1975,132,1975-05-12
725190,1976,108,1976-04-17
725190,1977,109,1977-04-19
725190,1979,121,1979-05-01
725190,1980,124,1980-05-03
725190,1981,98,1981-04-08
725190,1983,128,1983-05-08
725190,1985,116,1985-04-26
725190,1986,110,1986-04-20
725190,1987,109,1987-04-19
725190,1988,127,1988-05-06
725190,1989,132,1989-05-12
725190,1990,115,1990-04-25
725190,1991,113,1991-04-23
725190,1993,122,1993-05-02
725190,1994,120,1994-04-30
725200,1962,117,1962-04-27
725200,1963,107,1963-04-17
725200,1965,119,1965-04-29
725200,1968,104,1968-04-13
725200,1969,107,1969-04-17
725200,1972,110,1972-04-19
725200,1974,104,1974-04-14
725200,1975,122,1975-05-02
725200,1979,105,1979-04-15
725200,1980,121,1980-04-30
725200,1981,101,1981-04-11
725200,1982,115,1982-04-25
725200,1984,119,1984-04-28
725200,1985,105,1985-04-15
725200,1986,92,1986-04-02
725200,1987,109,1987-04-19
725200,1988,96,1988-04-05
725200,1989,106,1989-04-16
725200,1990,76,1990-03-17
725200,1991,97,1991-04-07
725200,1992,107,1992-04-16
725200,1994,108,1994-04-18
725210,1961,125,1961-05-05
725210,1962,118,1962-04-28
725210,1968,104,1968-04-13
725210,1969,111,1969-04-21
725210,1971,125,1971-05-05
725210,1972,123,1972-05-02
725210,1974,108,1974-04-18
725210,1975,123,1975-05-03
725210,1979,112,1979-04-22
725210,1980,124,1980-05-03
725210,1981,101,1981-04-11
725210,1982,117,1982-04-27
725210,1983,116,1983-04-26
725210,1984,121,1984-04-30
725210,1989,116,1989-04-26
725210,1990,107,1990-04-17
725210,1991,98,1991-04-08
725210,1992,111,1992-04-20
725210,1993,120,1993-04-30
725210,1995,116,1995-04-26
725240,1964,118,1964-04-27
725240,1970,119,1970-04-29
725240,1972,122,1972-05-01
725240,1973,106,1973-04-16
725240,1979,113,1979-04-23
725240,1980,126,1980-05-05
725240,1981,101,1981-04-11
725240,1982,116,1982-04-26
725240,1983,117,1983-04-27
725240,1985,108,1985-04-18
725240,1986,97,1986-04-07
725240,1987,111,1987-04-21
725240,1988,109,1988-04-18
725240,1989,117,1989-04-27
725240,1990,106,1990-04-16
725240,1991,98,1991-04-08
725240,1992,113,1992-04-22
725240,1993,121,1993-05-01
725240,1995,117,1995-04-27
725246,1968,104,1968-04-13
725246,1969,108,1969-04-18
725246,1971,125,1971-05-05
725246,1972,111,1972-04-20
725246,1973,91,1973-04-01
725246,1974,110,1974-04-20
725246,1975,125,1975-05-05
725246,1976,96,1976-04-05
725246,1977,103,1977-04-13
725246,1978,128,1978-05-08
725246,1981,101,1981-04-11
725246,1984,121,1984-04-30
725246,1987,111,1987-04-21
725246,1988,114,1988-04-23
725246,1989,117,1989-04-27
725246,1990,107,1990-04-17
725246,1991,98,1991-04-08
725246,1992,111,1992-04-20
725246,1993,122,1993-05-02
725246,1995,111,1995-04-21
725250,1961,127,1961-05-07
725250,1962,119,1962-04-29
725250,1963,109,1963-04-19
725250,1968,109,1968-04-18
725250,1969,117,1969-04-27
725250,1971,131,1971-05-11
725250,1972,123,1972-05-02
725250,1975,128,1975-05-08
725250,1977,103,1977-04-13
725250,1978,131,1978-05-11
725250,1979,115,1979-04-25
725250,1980,126,1980-05-05
725250,1982,120,1982-04-30
725250,1984,120,1984-04-29
725250,1989,117,1989-04-27
725250,1990,99,1990-04-09
725250,1991,99,1991-04-09
725250,1993,120,1993-04-30
725250,1995,117,1995-04-27
725260,1962,119,1962-04-29
725260,1964,120,1964-04-29
725260,1969,123,1969-05-03
725260,1971,139,1971-05-19
725260,1972,138,1972-05-17
725260,1973,112,1973-04-22
725260,1974,118,1974-04-28
725260,1979,128,1979-05-08
725260,1981,107,1981-04-17
725260,1982,125,1982-05-05
725260,1983,127,1983-05-07
725260,1984,122,1984-05-01
725260,1987,116,1987-04-26
725260,1990,113,1990-04-23
725260,1992,123,1992-05-02
725260,1993,123,1993-05-03
725260,1994,116,1994-04-26
725260,1995,129,1995-05-09
725280,1962,122,1962-05-02
725280,1965,130,1965-05-10
725280,1966,138,1966-05-18
725280,1971,137,1971-05-17
725280,1974,122,1974-05-02
725280,1975,134,1975-05-14
725280,1979,122,1979-05-02
725280,1980,132,1980-05-11
725280,1981,108,1981-04-18
725280,1982,126,1982-05-06
725280,1983,128,1983-05-08
725280,1984,126,1984-05-05
725280,1988,127,1988-05-06
725280,1989,138,1989-05-18
725280,1990,117,1990-04-27
725280,1991,117,1991-04-27
725280,1992,131,1992-05-10
725280,1993,123,1993-05-03
725280,1994,119,1994-04-29
725280,1995,130,1995-05-10
725290,1962,121,1962-05-01
725290,1964,123,1964-05-02
725290,1965,130,1965-05-10
725290,1966,137,1966-05-17
725290,1967,122,1967-05-02
725290,1968,110,1968-04-19
725290,1970,120,1970-04-30
725290,1971,138,1971-05-18
725290,1972,134,1972-05-13
725290,1973,111,1973-04-21
725290,1979,127,1979-05-07
725290,1980,125,1980-05-04
725290,1981,101,1981-04-11
725290,1983,131,1983-05-11
725290,1985,113,1985-04-23
725290,1986,115,1986-04-25
725290,1987,111,1987-04-21
725290,1988,127,1988-05-06
725290,1989,137,1989-05-17
725290,1990,115,1990-04-25
725290,1991,117,1991-04-27
725290,1992,131,1992-05-10
725290,1993,123,1993-05-03
725290,1994,119,1994-04-29
725290,1995,129,1995-05-09
725300,1964,118,1964-04-27
725300,1967,107,1967-04-17
725300,1969,112,1969-04-22
725300,1973,112,1973-04-22
725300,1974,112,1974-04-22
725300,1975,126,1975-05-06
725300,1976,96,1976-04-05
725300,1977,100,1977-04-10
725300,1978,129,1978-05-09
725300,1979,115,1979-04-25
725300,1980,125,1980-05-04
725300,1981,100,1981-04-10
725300,1982,122,1982-05-02
725300,1984,131,1984-05-10
725300,1985,110,1985-04-20
725300,1986,101,1986-04-11
725300,1987,110,1987-04-20
725300,1989,117,1989-04-27
725300,1991,98,1991-04-08
725300,1992,122,1992-05-01
725300,1993,123,1993-05-03
725300,1994,110,1994-04-20
725300,1995,124,1995-05-04
725300,1999,115,1999-04-25
725300,2002,108,2002-04-18
725300,2003,110,2003-04-20
725300,2004,109,2004-04-18
725320,1963,98,1963-04-08
725320,1968,101,1968-04-10
725320,1970,117,1970-04-27
725320,1973,110,1973-04-20
725320,1974,102,1974-04-12
725320,1975,119,1975-04-29
725320,1979,114,1979-04-24
725320,1980,118,1980-04-27
725320,1981,98,1981-04-08
725320,1982,115,1982-04-25
725320,1983,116,1983-04-26
725320,1984,121,1984-04-30
725320,1986,94,1986-04-04
725320,1987,105,1987-04-15
725320,1988,103,1988-04-12
725320,1990,109,1990-04-19
725320,1991,97,1991-04-07
725320,1992,106,1992-04-15
725320,1993,117,1993-04-27
725320,1994,107,1994-04-17
725320,1995,98,1995-04-08
725330,1961,120,1961-04-30
725330,1962,117,1962-04-27
725330,1963,106,1963-04-16
725330,1965,122,1965-05-02
725330,1969,111,1969-04-21
725330,1970,120,1970-04-30
725330,1971,116,1971-04-26
725330,1975,126,1975-05-06
725330,1977,101,1977-04-11
725330,1978,123,1978-05-03
725330,1979,113,1979-04-23
725330,1980,126,1980-05-05
725330,1983,115,1983-04-25
725330,1985,106,1985-04-16
725330,1986,98,1986-04-08
725330,1987,110,1987-04-20
725330,1988,107,1988-04-16
725330,1989,115,1989-04-25
725330,1990,111,1990-04-21
725330,1991,99,1991-04-09
725330,1992,115,1992-04-24
725330,1993,120,1993-04-30
725330,1995,111,1995-04-21
725330,1997,119,1997-04-29
725350,1961,129,1961-05-09
725350,1962,119,1962-04-29
725350,1968,181,1968-06-29
725350,1970,120,1970-04-30
725350,1973,108,1973-04-18
725350,1974,111,1974-04-21
725350,1975,126,1975-05-06
725350,1980,122,1980-05-01
725350,1981,98,1981-04-08
725350,1982,121,1982-05-01
725350,1983,117,1983-04-27
725350,1984,125,1984-05-04
725350,1985,109,1985-04-19
725350,1988,117,1988-04-26
725350,1990,113,1990-04-23
725350,1991,98,1991-04-08
725350,1992,122,1992-05-01
725350,1994,112,1994-04-22
725350,1995,117,1995-04-27
725360,1961,129,1961-05-09
725360,1965,123,1965-05-03
725360,1966,120,1966-04-30
725360,1968,104,1968-04-13
725360,1969,116,1969-04-26
725360,1971,123,1971-05-03
725360,1972,122,1972-05-01
725360,1973,111,1973-04-21
725360,1974,117,1974-04-27
725360,1975,128,1975-05-08
725360,1979,116,1979-04-26
725360,1980,125,1980-05-04
725360,1981,104,1981-04-14
725360,1982,122,1982-05-02
725360,1983,122,1983-05-02
725360,1984,128,1984-05-07
725360,1985,109,1985-04-19
725360,1986,107,1986-04-17
725360,1987,110,1987-04-20
725360,1988,114,1988-04-23
725360,1989,120,1989-04-30
725360,1990,111,1990-04-21
725360,1991,99,1991-04-09
725360,1994,114,1994-04-24
725370,1961,132,1961-05-12
725370,1962,120,1962-04-30
725370,1963,117,1963-04-27
725370,1964,122,1964-05-01
725370,1965,127,1965-05-07
725370,1966,135,1966-05-15
725370,1968,106,1968-04-15
725370,1974,118,1974-04-28
725370,1975,131,1975-05-11
725370,1979,127,1979-05-07
725370,1980,126,1980-05-05
725370,1981,107,1981-04-17
725370,1982,123,1982-05-03
725370,1983,127,1983-05-07
725370,1984,127,1984-05-06
725370,1986,114,1986-04-24
725370,1987,110,1987-04-20
725370,1991,105,1991-04-15
725370,1992,126,1992-05-05
725370,1994,115,1994-04-25
725370,1995,125,1995-05-05
725390,1961,133,1961-05-13
725390,1962,120,1962-04-30
725390,1963,111,1963-04-21
725390,1964,118,1964-04-27
725390,1965,127,1965-05-07
725390,1967,111,1967-04-21
725390,1968,109,1968-04-18
725390,1971,128,1971-05-08
725390,1972,133,1972-05-12
725390,1974,118,1974-04-28
725390,1975,131,1975-05-11
725390,1980,126,1980-05-05
725390,1983,128,1983-05-08
725390,1987,110,1987-04-20
725390,1988,123,1988-05-02
725390,1991,115,1991-04-25
725390,1992,131,1992-05-10
725390,1993,125,1993-05-05
725390,1994,116,1994-04-26
725390,1995,133,1995-05-13
725390,2001,118,2001-04-28
725390,2002,109,2002-04-19
725390,2003,116,2003-04-26
725390,2004,113,2004-04-22
725390,2005,109,2005-04-19
725430,1962,120,1962-04-30
725430,1963,106,1963-04-16
725430,1966,136,1966-05-16
725430,1969,121,1969-05-01
725430,1971,116,1971-04-26
725430,1974,117,1974-04-27
725430,1975,128,1975-05-08
725430,1979,127,1979-05-07
725430,1981,101,1981-04-11
725430,1982,122,1982-05-02
725430,1983,120,1983-04-30
725430,1984,132,1984-05-11
725430,1985,109,1985-04-19
725430,1986,101,1986-04-11
725430,1987,110,1987-04-20
725430,1988,121,1988-04-30
725430,1989,117,1989-04-27
725430,1990,114,1990-04-24
725430,1991,106,1991-04-16
725430,1992,122,1992-05-01
725430,1993,123,1993-05-03
725430,1994,114,1994-04-24
725430,1995,126,1995-05-06
725440,1961,126,1961-05-06
725440,1962,117,1962-04-27
725440,1963,98,1963-04-08
725440,1964,113,1964-04-22
725440,1966,116,1966-04-26
725440,1972,119,1972-04-28
725440,1973,111,1973-04-21
725440,1974,110,1974-04-20
725440,1980,116,1980-04-25
725440,1981,98,1981-04-08
725440,1982,119,1982-04-29
725440,1984,123,1984-05-02
725440,1985,108,1985-04-18
725440,1988,105,1988-04-14
725440,1989,113,1989-04-23
725440,1991,97,1991-04-07
725440,1992,107,1992-04-16
725440,1993,118,1993-04-28
725440,1994,108,1994-04-18
725440,1995,107,1995-04-17
725440,1997,116,1997-04-26
725440,1998,102,1998-04-12
725460,1961,127,1961-05-07
725460,1962,117,1962-04-27
725460,1963,98,1963-04-08
725460,1964,119,1964-04-28
725460,1965,121,1965-05-01
725460,1966,115,1966-04-25
725460,1967,99,1967-04-09
725460,1969,112,1969-04-22
725460,1971,108,1971-04-18
725460,1972,115,1972-04-24
725460,1974,109,1974-04-19
725460,1975,122,1975-05-02
725460,1976,101,1976-04-10
725460,1980,113,1980-04-22
725460,1981,93,1981-04-03
725460,1982,115,1982-04-25
725460,1983,118,1983-04-28
725460,1985,108,1985-04-18
725460,1986,95,1986-04-05
725460,1987,103,1987-04-13
725460,1989,110,1989-04-20
725460,1990,111,1990-04-21
725460,1991,95,1991-04-05
725460,1992,107,1992-04-16
725460,1993,121,1993-05-01
725460,1994,108,1994-04-18
725470,1992,123,1992-05-02
725470,1993,125,1993-05-05
725470,1994,116,1994-04-26
725470,2003,113,2003-04-23
725480,1961,131,1961-05-11
725480,1963,106,1963-04-16
725480,1964,123,1964-05-02
725480,1966,125,1966-05-05
725480,1968,106,1968-04-15
725480,1969,122,1969-05-02
725480,1970,120,1970-04-30
725480,1973,120,1973-04-30
725480,1975,128,1975-05-08
725480,1976,106,1976-04-15
725480,1977,105,1977-04-15
725480,1978,127,1978-05-07
725480,1980,116,1980-04-25
725480,1981,102,1981-04-12
725480,1982,122,1982-05-02
725480,1983,126,1983-05-06
725480,1985,109,1985-04-19
725480,1986,106,1986-04-16
725480,1987,109,1987-04-19
725480,1988,120,1988-04-29
725480,1989,116,1989-04-26
725480,1990,114,1990-04-24
725480,1992,122,1992-05-01
725480,1995,124,1995-05-04
725510,1991,87,1991-03-28
725510,1992,96,1992-04-05
725510,1994,100,1994-04-10
725560,1979,122,1979-05-02
725560,1980,113,1980-04-22
725560,1982,114,1982-04-24
725560,1983,126,1983-05-06
725560,1985,106,1985-04-16
725560,1986,98,1986-04-08
725560,1988,103,1988-04-12
725560,1989,110,1989-04-20
725560,1992,101,1992-04-10
725560,1993,124,1993-05-04
725560,1994,108,1994-04-18
725570,1961,124,1961-05-04
725570,1962,116,1962-04-26
725570,1963,97,1963-04-07
725570,1966,115,1966-04-25
725570,1967,104,1967-04-14
725570,1969,116,1969-04-26
725570,1971,108,1971-04-18
725570,1973,112,1973-04-22
725570,1974,109,1974-04-19
725570,1979,125,1979-05-05
725570,1980,113,1980-04-22
725570,1984,133,1984-05-12
725570,1985,107,1985-04-17
725570,1986,101,1986-04-11
725570,1987,107,1987-04-17
725570,1988,104,1988-04-13
725570,1989,111,1989-04-21
725570,1991,97,1991-04-07
725570,1992,119,1992-04-28
725570,1993,125,1993-05-05
725570,1994,109,1994-04-19
725570,1995,120,1995-04-30
725620,1962,110,1962-04-20
725620,1963,96,1963-04-06
725620,1964,119,1964-04-28
725620,1965,112,1965-04-22
725620,1967,96,1967-04-06
725620,1968,103,1968-04-12
725620,1970,118,1970-04-28
725620,1971,109,1971-04-19
725620,1972,99,1972-04-08
725620,1973,118,1973-04-28
725620,1974,108,1974-04-18
725620,1975,117,1975-04-27
725620,1979,113,1979-04-23
725620,1983,122,1983-05-02
725620,1987,108,1987-04-18
725620,1988,103,1988-04-12
725620,1989,106,1989-04-16
725620,1990,112,1990-04-22
725620,1991,93,1991-04-03
725620,1992,98,1992-04-07
725620,1993,119,1993-04-29
725620,1995,92,1995-04-02
725620,1997,108,1997-04-18
725620,1998,114,1998-04-24
725620,1999,103,1999-04-13
725620,2001,118,2001-04-28
725640,1961,131,1961-05-11
725640,1962,116,1962-04-26
725640,1963,123,1963-05-03
725640,1964,137,1964-05-16
725640,1967,119,1967-04-29
725640,1969,121,1969-05-01
725640,1970,137,1970-05-17
725640,1971,141,1971-05-21
725640,1972,108,1972-04-17
725640,1973,140,1973-05-20
725640,1974,122,1974-05-02
725640,1975,136,1975-05-16
725640,1977,120,1977-04-30
725640,1979,120,1979-04-30
725640,1980,141,1980-05-20
725640,1982,122,1982-05-02
725640,1983,147,1983-05-27
725640,1984,140,1984-05-19
725640,1986,113,1986-04-23
725640,1987,115,1987-04-25
725640,1988,122,1988-05-01
725640,1991,130,1991-05-10
725640,1992,118,1992-04-27
725640,1993,133,1993-05-13
725640,1995,127,1995-05-07
725640,1997,127,1997-05-07
725640,1998,133,1998-05-13
725640,1999,129,1999-05-09
725640,2001,129,2001-05-09
725660,1963,101,1963-04-11
725660,1964,123,1964-05-02
725660,1965,112,1965-04-22
725660,1967,95,1967-04-05
725660,1968,114,1968-04-23
725660,1970,127,1970-05-07
725660,1971,108,1971-04-18
725660,1972,97,1972-04-06
725660,1973,127,1973-05-07
725660,1974,110,1974-04-20
725660,1975,121,1975-05-01
725660,1976,101,1976-04-10
725660,1980,113,1980-04-22
725660,1982,103,1982-04-13
725660,1983,116,1983-04-26
725660,1986,96,1986-04-06
725660,1987,112,1987-04-22
725660,1988,104,1988-04-13
725660,1991,95,1991-04-05
725660,1993,119,1993-04-29
725660,1995,95,1995-04-05
725670,1992,107,1992-04-16
725670,1993,120,1993-04-30
725670,1994,108,1994-04-18
726170,1961,135,1961-05-15
726170,1962,135,1962-05-15
726170,1964,127,1964-05-06
726170,1966,143,1966-05-23
726170,1968,130,1968-05-09
726170,1972,142,1972-05-21
726170,1976,111,1976-04-20
726170,1977,112,1977-04-22
726170,1978,138,1978-05-18
726170,1979,127,1979-05-07
726170,1980,128,1980-05-07
726170,1981,108,1981-04-18
726170,1982,125,1982-05-05
726170,1984,138,1984-05-17
726170,1985,130,1985-05-10
726170,1988,131,1988-05-10
726170,1989,133,1989-05-13
726170,1991,120,1991-04-30
726170,1992,132,1992-05-11
726170,1993,124,1993-05-04
726170,1994,130,1994-05-10
726170,1995,134,1995-05-14
726350,1964,120,1964-04-29
726350,1966,136,1966-05-16
726350,1967,120,1967-04-30
726350,1968,108,1968-04-17
726350,1970,121,1970-05-01
726350,1971,128,1971-05-08
726350,1972,133,1972-05-12
726350,1973,113,1973-04-23
726350,1974,119,1974-04-29
726350,1979,122,1979-05-02
726350,1980,125,1980-05-04
726350,1983,127,1983-05-07
726350,1985,112,1985-04-22
726350,1986,115,1986-04-25
726350,1987,110,1987-04-20
726350,1989,129,1989-05-09
726350,1991,115,1991-04-25
726350,1992,130,1992-05-09
726350,1993,126,1993-05-06
726350,1994,116,1994-04-26
726350,1995,130,1995-05-10
726350,1997,131,1997-05-11
726350,1998,111,1998-04-21
726350,2000,111,2000-04-20
726350,2002,110,2002-04-20
726350,2003,118,2003-04-28
726350,2004,110,2004-04-19
726350,2005,109,2005-04-19
726360,1961,135,1961-05-15
726360,1962,126,1962-05-06
726360,1963,120,1963-04-30
726360,1964,124,1964-05-03
726360,1965,127,1965-05-07
726360,1967,128,1967-05-08
726360,1968,111,1968-04-20
726360,1969,124,1969-05-04
726360,1970,128,1970-05-08
726360,1972,136,1972-05-15
726360,1974,137,1974-05-17
726360,1975,134,1975-05-14
726360,1979,129,1979-05-09
726360,1980,135,1980-05-14
726360,1982,127,1982-05-07
726360,1986,116,1986-04-26
726360,1990,117,1990-04-27
726360,1991,118,1991-04-28
726360,1992,132,1992-05-11
726360,1993,128,1993-05-08
726360,1994,132,1994-05-12
726360,1995,134,1995-05-14
726360,1997,144,1997-05-24
726360,1998,115,1998-04-25
726360,1999,121,1999-05-01
726360,2001,120,2001-04-30
726360,2002,125,2002-05-05
726360,2003,124,2003-05-04
726360,2005,109,2005-04-19
726370,1961,133,1961-05-13
726370,1962,120,1962-04-30
726370,1964,120,1964-04-29
726370,1967,120,1967-04-30
726370,1968,111,1968-04-20
726370,1969,123,1969-05-03
726370,1970,121,1970-05-01
726370,1972,133,1972-05-12
726370,1973,114,1973-04-24
726370,1974,119,1974-04-29
726370,1975,131,1975-05-11
726370,1979,122,1979-05-02
726370,1980,127,1980-05-06
726370,1981,112,1981-04-22
726370,1983,127,1983-05-07
726370,1984,133,1984-05-12
726370,1986,115,1986-04-25
726370,1987,110,1987-04-20
726370,1988,124,1988-05-03
726370,1990,115,1990-04-25
726370,1991,116,1991-04-26
726370,1992,130,1992-05-09
726370,1993,124,1993-05-04
726370,1995,131,1995-05-11
726380,1965,132,1965-05-12
726380,1966,144,1966-05-24
726380,1969,135,1969-05-15
726380,1971,138,1971-05-18
726380,1973,129,1973-05-09
726380,1974,139,1974-05-19
726380,1975,137,1975-05-17
726380,1990,118,1990-04-28
726380,1991,129,1991-05-09
726380,1992,133,1992-05-12
726380,1994,133,1994-05-13
726380,1995,136,1995-05-16
726380,2002,127,2002-05-07
726380,2003,130,2003-05-10
726390,1966,147,1966-05-27
726390,1972,142,1972-05-21
726390,1973,136,1973-05-16
726390,1974,142,1974-05-22
726390,1976,122,1976-05-01
726390,1977,126,1977-05-06
726390,1979,138,1979-05-18
726390,1980,142,1980-05-21
726390,1981,128,1981-05-08
726390,1982,132,1982-05-12
726390,1983,153,1983-06-02
726390,1984,142,1984-05-21
726390,1986,124,1986-05-04
726390,1987,128,1987-05-08
726390,1989,140,1989-05-20
726390,1991,131,1991-05-11
726390,1992,138,1992-05-17
726390,1993,134,1993-05-14
726390,1995,142,1995-05-22
726400,1961,140,1961-05-20
726400,1963,118,1963-04-28
726400,1965,130,1965-05-10
726400,1967,137,1967-05-17
726400,1968,108,1968-04-17
726400,1969,126,1969-05-06
726400,1970,127,1970-05-07
726400,1971,138,1971-05-18
726400,1972,141,1972-05-20
726400,1973,140,1973-05-20
726400,1974,134,1974-05-14
726400,1975,140,1975-05-20
726400,1976,108,1976-04-17
726400,1978,140,1978-05-20
726400,1979,130,1979-05-10
726400,1980,126,1980-05-05
726400,1981,124,1981-05-04
726400,1982,126,1982-05-06
726400,1983,142,1983-05-22
726400,1986,116,1986-04-26
726400,1987,127,1987-05-07
726400,1989,139,1989-05-19
726400,1990,115,1990-04-25
726400,1991,118,1991-04-28
726400,1992,132,1992-05-11
726400,1994,123,1994-05-03
726400,1995,133,1995-05-13
726400,1999,125,1999-05-05
726410,1961,132,1961-05-12
726410,1962,123,1962-05-03
726410,1963,111,1963-04-21
726410,1964,123,1964-05-02
726410,1965,127,1965-05-07
726410,1968,111,1968-04-20
726410,1970,120,1970-04-30
726410,1971,125,1971-05-05
726410,1972,134,1972-05-13
726410,1973,121,1973-05-01
726410,1974,119,1974-04-29
726410,1975,131,1975-05-11
726410,1976,107,1976-04-16
726410,1977,105,1977-04-15
726410,1978,131,1978-05-11
726410,1979,128,1979-05-08
726410,1982,124,1982-05-04
726410,1984,134,1984-05-13
726410,1987,110,1987-04-20
726410,1988,123,1988-05-02
726410,1989,127,1989-05-07
726410,1992,128,1992-05-07
726410,1993,125,1993-05-05
726410,1995,127,1995-05-07
726430,1961,132,1961-05-12
726430,1962,122,1962-05-02
726430,1966,127,1966-05-07
726440,1961,140,1961-05-20
726440,1963,121,1963-05-01
726440,1966,141,1966-05-21
726440,1969,125,1969-05-05
726440,1973,130,1973-05-10
726440,1974,123,1974-05-03
726440,1975,137,1975-05-17
726440,1979,135,1979-05-15
726440,1981,120,1981-04-30
726440,1984,140,1984-05-19
726440,1985,112,1985-04-22
726440,1988,127,1988-05-06
726440,1989,132,1989-05-12
726440,1992,130,1992-05-09
726440,1993,130,1993-05-10
726440,1994,128,1994-05-08
726450,1961,135,1961-05-15
726450,1962,131,1962-05-11
726450,1964,127,1964-05-06
726450,1965,130,1965-05-10
726450,1966,143,1966-05-23
726450,1969,133,1969-05-13
726450,1971,134,1971-05-14
726450,1975,138,1975-05-18
726450,1977,112,1977-04-22
726450,1979,136,1979-05-16
726450,1980,126,1980-05-05
726450,1981,128,1981-05-08
726450,1982,129,1982-05-09
726450,1984,140,1984-05-19
726450,1986,118,1986-04-28
726450,1988,129,1988-05-08
726450,1992,132,1992-05-11
726450,1994,130,1994-05-10
726450,1999,123,1999-05-03
726450,2000,124,2000-05-03
726450,2001,122,2001-05-02
726510,1961,132,1961-05-12
726510,1962,122,1962-05-02
726510,1963,98,1963-04-08
726510,1966,125,1966-05-05
726510,1967,116,1967-04-26
726510,1968,103,1968-04-12
726510,1970,126,1970-05-06
726510,1972,136,1972-05-15
726510,1973,125,1973-05-05
726510,1975,130,1975-05-10
726510,1979,132,1979-05-12
726510,1980,113,1980-04-22
726510,1983,131,1983-05-11
726510,1984,135,1984-05-14
726510,1985,108,1985-04-18
726510,1986,117,1986-04-27
726510,1987,108,1987-04-18
726510,1988,120,1988-04-29
726510,1989,114,1989-04-24
726510,1990,113,1990-04-23
726510,1991,106,1991-04-16
726510,1993,128,1993-05-08
726510,1994,114,1994-04-24
726510,1995,131,1995-05-11
726510,1998,119,1998-04-29
726510,1999,122,1999-05-02
726510,2001,120,2001-04-30
726510,2004,109,2004-04-18
726510,2005,103,2005-04-13
726540,1964,117,1964-04-26
726540,1966,126,1966-05-06
726540,1967,118,1967-04-28
726540,1970,127,1970-05-07
726540,1972,136,1972-05-15
726540,1973,125,1973-05-05
726540,1974,118,1974-04-28
726540,1975,131,1975-05-11
726540,1976,106,1976-04-15
726540,1979,136,1979-05-16
726540,1980,116,1980-04-25
726540,1981,107,1981-04-17
726540,1982,122,1982-05-02
726540,1983,129,1983-05-09
726540,1984,133,1984-05-12
726540,1985,109,1985-04-19
726540,1986,123,1986-05-03
726540,1987,108,1987-04-18
726540,1988,120,1988-04-29
726540,1991,108,1991-04-18
726540,1992,122,1992-05-01
726540,1993,126,1993-05-06
726540,1999,118,1999-04-28
726540,2001,122,2001-05-02
726540,2002,114,2002-04-24
726540,2003,106,2003-04-16
726550,1983,134,1983-05-14
726550,1989,132,1989-05-12
726550,1990,116,1990-04-26
726550,1993,129,1993-05-09
726550,1994,131,1994-05-11
726580,1962,124,1962-05-04
726580,1964,125,1964-05-04
726580,1966,136,1966-05-16
726580,1974,122,1974-05-02
726580,1975,136,1975-05-16
726580,1977,107,1977-04-17
726580,1978,129,1978-05-09
726580,1979,135,1979-05-15
726580,1980,118,1980-04-27
726580,1981,115,1981-04-25
726580,1983,131,1983-05-11
726580,1984,133,1984-05-12
726580,1985,112,1985-04-22
726580,1986,118,1986-04-28
726580,1988,123,1988-05-02
726580,1990,115,1990-04-25
726580,1991,117,1991-04-27
726580,1992,128,1992-05-07
726580,1993,127,1993-05-07
726580,1994,125,1994-05-05
726580,1995,131,1995-05-11
726580,1997,127,1997-05-07
726590,1992,122,1992-05-01
726590,1993,126,1993-05-06
726590,1996,139,1996-05-18
726590,1997,136,1997-05-16
726590,1998,121,1998-05-01
726590,1999,122,1999-05-02
726590,2000,181,2000-06-29
726590,2001,125,2001-05-05
726620,1964,123,1964-05-02
726620,1965,122,1965-05-02
726620,1968,120,1968-04-29
726620,1969,113,1969-04-23
726620,1971,122,1971-05-02
726620,1973,127,1973-05-07
726620,1974,112,1974-04-22
726620,1975,133,1975-05-13
726620,1979,124,1979-05-04
726620,1980,116,1980-04-25
726620,1983,124,1983-05-04
726620,1984,130,1984-05-09
726620,1986,113,1986-04-23
726620,1988,103,1988-04-12
726620,1989,112,1989-04-22
726620,1990,112,1990-04-22
726620,1993,124,1993-05-04
726620,1995,124,1995-05-04
726620,1997,118,1997-04-28
726880,1961,99,1961-04-09
726880,1964,113,1964-04-22
726880,1965,110,1965-04-20
726880,1966,99,1966-04-09
726880,1969,112,1969-04-22
726880,1974,104,1974-04-14
726880,1975,114,1975-04-24
726880,1978,108,1978-04-18
726880,1980,114,1980-04-23
726880,1981,111,1981-04-21
726880,1984,114,1984-04-23
726880,1985,102,1985-04-12
726880,1986,97,1986-04-07
726880,1987,100,1987-04-10
726880,1989,106,1989-04-16
726880,1991,109,1991-04-19
726880,1992,94,1992-04-03
726880,1993,116,1993-04-26
726880,1994,97,1994-04-07
726880,1995,93,1995-04-03
726880,1997,108,1997-04-18
726880,1999,108,1999-04-18
727450,1961,150,1961-05-30
727450,1962,145,1962-05-25
727450,1963,143,1963-05-23
727450,1965,142,1965-05-22
727450,1966,152,1966-06-01
727450,1969,148,1969-05-28
727450,1971,148,1971-05-28
727450,1972,143,1972-05-22
727450,1974,154,1974-06-03
727450,1978,140,1978-05-20
727450,1980,126,1980-05-05
727450,1981,141,1981-05-21
727450,1982,142,1982-05-22
727450,1984,144,1984-05-23
727450,1985,130,1985-05-10
727450,1987,119,1987-04-29
727450,1988,136,1988-05-15
727450,1989,141,1989-05-21
727450,1990,133,1990-05-13
727450,1991,134,1991-05-14
727450,1994,140,1994-05-20
727450,1995,149,1995-05-29
727450,1996,157,1996-06-05
727450,2005,145,2005-05-25
727530,1961,141,1961-05-21
727530,1963,125,1963-05-05
727530,1964,125,1964-05-04
727530,1965,132,1965-05-12
727530,1966,143,1966-05-23
727530,1967,144,1967-05-24
727530,1968,122,1968-05-01
727530,1971,125,1971-05-05
727530,1972,137,1972-05-16
727530,1973,129,1973-05-09
727530,1976,129,1976-05-08
727530,1978,131,1978-05-11
727530,1979,145,1979-05-25
727530,1980,117,1980-04-26
727530,1981,122,1981-05-02
727530,1982,124,1982-05-04
727530,1984,136,1984-05-15
727530,1985,120,1985-04-30
727530,1987,113,1987-04-23
727530,1989,131,1989-05-11
727530,1991,124,1991-05-04
727530,1992,128,1992-05-07
727530,1993,128,1993-05-08
727530,1994,131,1994-05-11
727530,1995,138,1995-05-18
727640,1961,135,1961-05-15
727640,1964,130,1964-05-09
727640,1968,127,1968-05-06
727640,1970,139,1970-05-19
727640,1972,137,1972-05-16
727640,1973,130,1973-05-10
727640,1975,137,1975-05-17
727640,1976,128,1976-05-07
727640,1977,116,1977-04-26
727640,1980,118,1980-04-27
727640,1981,118,1981-04-28
727640,1983,138,1983-05-18
727640,1984,138,1984-05-17
727640,1986,124,1986-05-04
727640,1987,115,1987-04-25
727640,1989,128,1989-05-08
727640,1990,114,1990-04-24
727640,1991,116,1991-04-26
727640,1992,123,1992-05-02
727640,1993,127,1993-05-07
727640,1995,138,1995-05-18
727640,1998,120,1998-04-30
727810,1961,105,1961-04-15
727810,1963,116,1963-04-26
727810,1964,116,1964-04-25
727810,1967,121,1967-05-01
727810,1969,112,1969-04-22
727810,1970,108,1970-04-18
727810,1971,119,1971-04-29
727810,1972,110,1972-04-19
727810,1973,99,1973-04-09
727810,1974,108,1974-04-18
727810,1975,120,1975-04-30
727810,1977,97,1977-04-07
727810,1979,107,1979-04-17
727810,1980,109,1980-04-18
727810,1981,89,1981-03-30
727810,1982,112,1982-04-22
727810,1983,100,1983-04-10
727810,1984,111,1984-04-20
727810,1987,104,1987-04-14
727810,1988,102,1988-04-11
727810,1993,115,1993-04-25
727810,1994,100,1994-04-10
727810,1995,106,1995-04-16
727810,1998,111,1998-04-21
727810,2005,97,2005-04-07
727815,1991,180,1991-06-29
727815,1993,165,1993-06-14
